architecture,optimizer,loss,accuracy,precision,recall,auc
InceptionV3,Adam,4.0313334465026855,0.2770843803882599,0.2657480239868164,0.20219670236110687,0.7654111981391907
