epoch,accuracy,auc_1,loss,lr,precision_1,recall_1,val_accuracy,val_auc_1,val_loss,val_precision_1,val_recall_1
0,0.3317042589187622,0.7246732711791992,0.001860101823695004,0.001,0.4193088710308075,0.14749373495578766,0.45766130089759827,0.8278598785400391,0.04319771006703377,0.6564195156097412,0.18296371400356293
1,0.43521302938461304,0.8049273490905762,0.0014286215882748365,0.001,0.591141939163208,0.2458646595478058,0.41280242800712585,0.8066418170928955,0.04085869342088699,0.5340313911437988,0.20564515888690948
2,0.452004998922348,0.8211115598678589,0.0014001507079228759,0.001,0.6275401711463928,0.2592731714248657,0.5761088728904724,0.8987910747528076,0.039051737636327744,0.8314220309257507,0.36542338132858276
3,0.4771929681301117,0.8351266384124756,0.0013078845804557204,0.001,0.64644855260849,0.30451127886772156,0.5549395084381104,0.8845721483230591,0.037995610386133194,0.7788125872612,0.33719757199287415
