architecture,optimizer,loss,accuracy,precision,recall,auc
InceptionV3,Adam,0.03408002480864525,0.614578127861023,0.7375946044921875,0.4378432333469391,0.9186403155326843
